Memory (MB),Duration (s),Accuracy,Parameters,CPU Utilization (%)
143.234375,0.39209699630737305,0.6891666666666667,1000,5.0
